cluster,nu_ano_censo,tp_cor_raca,tp_sexo,faixa_etaria,in_financiamento_estudantil,in_apoio_social,tp_escola_conclusao_ens_medio,tp_grau_academico,tp_modalidade_ensino,nu_carga_horaria,pib,inscritos_por_vaga,tp_categoria_administrativa,igc,duracao_ideal_anos,taxa_integralizacao
0,2015.180710635012,2.136856684111829,1.3938766255254997,3.6019684026032923,0.9018372574734339,0.054786797239824,2.500925369841523,1.081518341933349,1.0,3701.32536248759,363984360.0531444,1.6712769696169554,4.414639228327348,2.733612364528936,4.606472686268982,0.43116021399943616
1,2014.7056918882072,2.1562713019768234,1.426840490797546,3.60219836400818,0.4119631901840491,0.01932515337423313,3.23200408997955,1.0887695978186775,1.0,3680.1797716428086,2339363755.4399457,2.426362173160815,4.511639400136333,2.7443922829451624,4.472920927062031,0.4651228476482618
2,2014.0974992507743,2.4618560820485498,1.4676500949019347,4.328160900402917,0.14308547833904964,0.039592421164796374,3.9601744863640906,1.1831440844460723,1.0,3367.2763144750425,459489367.9941727,1.0423617841295967,4.519363324564616,2.64359037433477,4.231377576504279,0.9992475675135692
3,2014.5737858158911,2.3645397276976223,1.4213980898191425,3.434220686852266,0.06604348709611868,0.030847388742125583,3.2259703312334893,1.0146108514529568,1.0,4471.09772403983,426219859.1334688,2.798943974557229,4.5115626905100585,2.8888780240362637,4.982473074578338,0.4159308433245275
4,2014.0493624256162,2.266024369509776,1.4491357325021252,3.9936525928024937,0.3351657693397563,0.04046472088410315,3.4443185038254462,2.7646358741853216,1.0,2178.6296401246814,1162714197.1411731,1.1839983378009855,4.376027203173703,2.714180035723465,2.4848965712666478,0.6207650155851516
