cluster,nu_ano_censo,tp_sexo,faixa_etaria,in_apoio_social,nu_carga_horaria,pib,inscritos_por_vaga,igc,duracao_ideal_anos,taxa_integralizacao
0,2018.0,1.428502596498742,3.6431554151721186,0.0,3692.012340061031,1014789821.915654,1.9170610426376389,2.7579587058261668,4.573973446115959,0.5226329835644307
1,2019.0,1.4204296853088012,3.624558254333315,0.0,3692.9666236607395,1030002325.7238178,2.007991045840306,2.7613455895518784,4.560540191843832,0.529889801985752
2,2018.5481198215423,1.362651370299554,3.1274697259400894,0.0015933715742511153,8250.337476099427,827739227.2444232,10.022505539737304,2.9476994610014575,6.4781708094327595,0.38352112810707456
3,2018.4599226091764,1.4085129906025429,3.368711995577667,1.0,4018.584853510227,1004278969.7302377,1.900351918539192,2.9823158218144528,5.775013819789939,0.44576539524599224
4,2018.456604855668,1.397533932326515,3.586025616516918,0.0,3689.462817816861,306446652.3152361,1.872283430465001,2.7443133909612394,9.079239151213917,0.28308918944752437
