cluster,nu_ano_censo,tp_cor_raca,tp_sexo,faixa_etaria,in_financiamento_estudantil,in_apoio_social,tp_escola_conclusao_ens_medio,tp_grau_academico,tp_modalidade_ensino,nu_carga_horaria,pib,inscritos_por_vaga,tp_categoria_administrativa,igc,duracao_ideal_anos,taxa_integralizacao
0,0.16676762636916315,-0.03616915991519109,-0.05533238649350077,-0.04544739359734341,0.8407553969496329,0.08744840233202521,-0.18116321658221146,-0.23015234062254808,0.0,0.001107480853670661,-0.6266264067561894,-0.10720925641586351,-0.10167127802802262,-0.05071906752983895,0.2019095959399156,-0.266517761699997
1,-0.0036605742846072126,-0.02933922109746658,0.011429588769767105,-0.04532636032084007,-0.11069079058579433,-0.09789427231133119,0.044729156373035484,-0.21690803496647146,0.0,-0.020243476927223593,1.532835778331401,0.15826760569495701,0.07928125373921208,-0.0259118201828367,0.03376913879645178,-0.16736245009606243
2,-0.22186917667298908,0.07816355675946332,0.09408160051765445,0.33676220989563593,-0.6329120938356579,0.00803397044734811,0.26972290085517747,-0.04453450867049634,0.0,-0.33618586664453776,-0.5222214232797081,-0.32832659415923315,0.0936901321402631,-0.2578818391937282,-0.270331755298176,1.3920367290497566
3,-0.050986105563829355,0.04392828358526121,0.00040705131870299896,-0.1337363639713443,-0.7825450581887656,-0.03767253163146263,0.04286481530627625,-0.35235782731572585,0.0,0.7783559064495532,-0.5585912702412122,0.28926189223386883,0.07913815295056027,0.3065854566023578,0.6752906846793619,-0.3109805383626251
4,-0.23913980557354236,0.009271208503583046,0.05658431692089615,0.16070381215611107,-0.2598487439332045,0.012593103793781672,0.1103311297791237,2.844035552449767,0.0,-1.5363767313381156,0.2465359251588042,-0.2785292631396391,-0.17370149795352047,-0.09543764225299911,-2.4691355476015504,0.2870412872603859
