cluster,nu_ano_censo,tp_cor_raca,tp_sexo,faixa_etaria,in_financiamento_estudantil,in_apoio_social,tp_escola_conclusao_ens_medio,tp_grau_academico,tp_modalidade_ensino,nu_carga_horaria,pib,inscritos_por_vaga,tp_categoria_administrativa,igc,duracao_ideal_anos,taxa_integralizacao
0,2018.5098566308243,1.4127240143369175,1.5168458781362006,3.156989247311828,6.905913978494624,0.1082437275985663,1.4849462365591397,1.5252688172043012,1.0,3749.1937275985665,2346743796.6428313,12.328850762642505,1.9421146953405017,3.3359108957005583,4.64005376344086,0.5694654838709677
1,2018.5039073148569,1.8517946388005453,1.5086324398000908,3.5095411176737845,7.986415265788278,0.28791458427987277,1.523807360290777,1.399409359382099,1.0,3405.296365288505,372567873.34620625,10.19336812700611,1.1882326215356656,3.438515179552442,4.361971830985915,0.71991086324398
2,2018.4941330670329,1.8090750218449632,1.4202970914991886,3.256647110223443,7.5207839221071024,0.13793533890900012,1.4222943452752466,1.4449506927974036,1.0,4064.61815004369,268111560.91979778,11.658543922680385,1.4483834727250031,3.217630691454383,7.453844713518912,0.32657460366995383
