cluster,nu_ano_censo,tp_cor_raca,tp_sexo,faixa_etaria,in_financiamento_estudantil,in_apoio_social,tp_escola_conclusao_ens_medio,tp_grau_academico,tp_modalidade_ensino,nu_carga_horaria,pib,inscritos_por_vaga,tp_categoria_administrativa,igc,duracao_ideal_anos,taxa_integralizacao
0,2018.4987743397623,1.2936496924286573,1.4039591138245224,3.4459090698857593,0.45233800471763563,0.0,1.2491096619027797,1.1668747976504326,1.0,3850.876740206281,2335893303.631238,3.0329204746183183,5.274409139262754,2.7696552161259507,4.606331807039452,0.4190567411313076
1,2018.4859464300946,1.6687281412607695,1.4116267167107395,3.5645952401262475,0.5851531178026103,0.0,1.3706815661520089,1.1226648468821974,1.0,3937.6871108078135,365644532.8140621,1.9416133446800532,5.218267508316984,2.7695532290660583,4.685287469077881,0.46112887272882364
2,2018.4630816383394,1.4972601467446829,1.3965821491594688,3.5618092319123247,0.5557722671124733,0.0,1.340020432803938,1.1798086746540355,1.0,3853.4692114795207,301945449.9716727,2.4393109196756146,5.56849633138293,2.7503502310696137,9.15371041144237,0.27942515092412
3,2018.4898321277467,1.2586324553023065,1.5441517674355125,4.4539374914699055,0.23570356216732632,0.0,1.5549338064692235,1.323324689504572,1.0,3363.1684181793366,1300468770.5270915,1.5263256075443024,5.260952640917155,2.738290466841139,4.218302170055957,1.2128607888631089
4,2018.4614112458655,1.5424476295479603,1.408489525909592,3.3721058434399116,0.6306504961411246,1.0,1.3561190738699007,1.1538037486218302,1.0,4032.800441014333,1005908723.4366041,1.994659588765664,5.464718853362735,2.983270824124391,5.775633958103638,0.44646609702315326
