cluster,nu_ano_censo,tp_cor_raca,tp_sexo,faixa_etaria,in_financiamento_estudantil,in_apoio_social,tp_escola_conclusao_ens_medio,tp_grau_academico,tp_modalidade_ensino,nu_carga_horaria,pib,inscritos_por_vaga,tp_categoria_administrativa,igc,duracao_ideal_anos,taxa_integralizacao
0,0.010419712332204683,-0.28032971592075295,0.04065891701631725,-0.14551905976480456,-1.0330120606296438,-0.25011676497536145,0.0002964085999606896,-0.020325476062665045,0.0,0.4994103611740409,1.809092680367587,0.3421991180354895,1.133440116680061,-0.17828619513384858,-0.16232208272374885,-0.0581975159771406
1,-0.0021002483863664613,0.056504634165644364,-0.008195410978933563,0.029331536291583502,0.2082189837879238,0.05041476340532686,-5.9745572992000125e-05,0.004096902768196653,0.0,-0.10066360486966282,-0.3646496046277624,-0.068975334680065,-0.22846175594091145,0.03593624100725262,0.0327184361143636,0.011730577112870963
