cluster,nu_ano_censo,tp_cor_raca,tp_sexo,faixa_etaria,in_financiamento_estudantil,in_apoio_social,tp_escola_conclusao_ens_medio,tp_grau_academico,tp_modalidade_ensino,nu_carga_horaria,pib,inscritos_por_vaga,tp_categoria_administrativa,igc,duracao_ideal_anos,taxa_integralizacao
0,-0.036377559637560036,-0.2844191910180089,0.11673424158649313,-0.10674502776238441,-0.38909094039366954,-0.2427544815589432,-0.09513302934663569,0.26768866102546246,0.0,-0.025234876574056625,2.392517282157044,0.026175463340925072,1.0303086566665083,-0.11883390222693462,-0.12342230866823026,-0.06372655594763649
1,0.0057347479797018675,0.04483732271590232,-0.018402593873063845,0.01682784217537875,0.06133832248738852,0.038269080899328976,0.01499726626212945,-0.04219983482417848,0.0,0.003978157383111936,-0.37716888617637784,-0.004126436380240599,-0.16242322316787314,0.01873359531284853,0.0194569356037185,0.010046186209763329
