cluster,nu_ano_censo,tp_cor_raca,tp_sexo,faixa_etaria,in_financiamento_estudantil,in_apoio_social,tp_escola_conclusao_ens_medio,tp_grau_academico,tp_modalidade_ensino,nu_carga_horaria,pib,inscritos_por_vaga,tp_categoria_administrativa,igc,duracao_ideal_anos,taxa_integralizacao
0,0.0224449679812636,-0.2001083962545443,0.006776915298797089,-0.03166557228803313,-0.16430171471584942,0.0036681392437810136,-0.1507896863411886,0.07126023548043273,0.0,-0.09963680754075845,1.5434382026670672,0.16267632058378906,-0.01141545900809219,-0.019481828593349248,-0.3785198670263838,0.054174297616224644
1,-0.008920804367878982,0.07953354430814548,-0.0026935006390429073,0.012585554848030867,0.06530209602317233,-0.0014579104152261592,0.05993170913514792,-0.028322545190870473,0.0,0.039600879301360616,-0.6134430787329731,-0.06465607937099746,0.004537100550559235,0.007743097774175374,0.15044359546693692,-0.021531699721093915
