cluster,nu_ano_censo,tp_cor_raca,tp_sexo,faixa_etaria,in_financiamento_estudantil,in_apoio_social,tp_escola_conclusao_ens_medio,tp_grau_academico,tp_modalidade_ensino,nu_carga_horaria,pib,inscritos_por_vaga,tp_categoria_administrativa,igc,duracao_ideal_anos,taxa_integralizacao
0,2014.76322159466,1.7134159759407321,1.5309909777745176,3.1983422577569134,5.207584537519255,0.08193354360742316,2.6581823516467393,1.630088755226289,1.0,3632.102325240226,2341518369.647913,12.142770892968867,1.9672119122716938,3.2767703716181984,4.3300080686569355,0.584140651360669
1,2014.8810693925693,2.65330311405081,1.463522936204165,3.410076434741382,6.631517478231709,0.18846193873657188,2.997606355300131,1.408665687623585,1.0,3668.267856936366,319109812.7793684,11.574002327768026,1.3002116120676697,3.352126216088884,4.434868580811527,0.6165028885625412
