cluster,nu_ano_censo,tp_cor_raca,tp_sexo,faixa_etaria,in_financiamento_estudantil,in_apoio_social,tp_escola_conclusao_ens_medio,tp_grau_academico,tp_modalidade_ensino,nu_carga_horaria,pib,inscritos_por_vaga,tp_categoria_administrativa,igc,duracao_ideal_anos,taxa_integralizacao
0,2015.2899243790644,2.1141760296526733,1.407310575347906,3.564542551255109,1.0046332301888041,0.0,2.4156669369384276,1.0687041847996954,1.0,3778.2340774080385,371745715.6529876,1.243489978459254,4.473416841791736,2.804831215292556,4.664843711217381,0.4583334568861384
1,2014.7004531749328,2.162908263671981,1.4333146767291964,3.589380179464495,0.4093379312835142,0.0,3.2355787459151064,1.0766064238900825,1.0,3692.4205860581,2339477244.268962,2.292769191905322,4.516944409337931,2.748610299083667,4.49962987704696,0.46066328921949196
2,2014.0571763916835,2.314833445115135,1.434495864073329,3.983791638721216,0.31550413592667115,0.0,3.4083389224234293,2.6974066621953945,1.0,2249.3635703107534,1199581639.3451264,1.2175075695393813,4.38469707131679,2.6997745289295563,2.5384529398613904,0.585097501676727
3,2014.3589009262594,2.4229862861257487,1.416325729060976,3.6056688377573396,0.0,0.0,3.1753019343435995,1.0784374693156156,1.0,3719.4781363532225,355594997.96841556,1.283564565505268,4.496497888914345,2.7665606119763804,4.5986646155860305,0.4340086963636959
4,2014.3931070909812,2.383335534134425,1.5076587877987588,4.565561864518685,0.19661956952330648,0.0012544566222104847,4.038227914961046,1.206193054271755,1.0,3416.4374752409876,659795766.5586294,1.204744398644231,4.548131519873234,2.765891222102465,4.251056384523967,1.3661166908754785
5,2015.090207090207,2.057037557037557,1.3973323973323972,3.1325026325026326,0.48192348192348194,0.03948753948753949,3.3276588276588277,1.0024570024570025,1.0,8187.598982098982,834760681.3262548,10.738186332602224,4.615128115128115,2.9576087911877096,5.944278694278695,0.45040451035451035
6,2015.214600377596,2.599826935179358,1.349197608558842,3.823709880427942,0.8466016362492134,0.0,3.0039332913782255,1.0317023285084959,1.0,3714.311202013845,445788935.5860604,6.203048076155671,4.067888609188168,2.3870109671841395,4.713145059786029,0.4589359581497798
7,2014.2810613825304,1.508028698325931,1.417720077439927,3.7888623163648787,0.6490149185741942,1.0,3.830770982803781,1.2412025965152034,1.0,3592.1774285388906,752698100.1334699,0.9140905351821408,4.469764263751281,2.884512737095014,4.405933265003986,0.524675219223323
