cluster,nu_ano_censo,tp_cor_raca,tp_sexo,faixa_etaria,in_financiamento_estudantil,in_apoio_social,tp_escola_conclusao_ens_medio,tp_grau_academico,tp_modalidade_ensino,nu_carga_horaria,pib,inscritos_por_vaga,tp_categoria_administrativa,igc,duracao_ideal_anos,taxa_integralizacao
0,-0.038498635386930026,-0.2860930929875808,0.11959575677773528,-0.10409861116679388,-0.39777428790240965,-0.2453361818726455,-0.09403357266543204,0.2875082131205459,0.0,-0.13929762482032426,2.392521052747625,-0.1892209458610351,1.0384414203405687,-0.13935974369354018,-0.1761309766336348,-0.06821075930986129
1,0.03604017340272272,-0.028862159934557687,0.04686519329235023,-0.22478615664182064,0.08118319439214765,0.20579856036847505,0.017799930532042398,-0.5420435331879411,0.0,0.47281937855021744,-0.2687467759937369,0.27094071425162675,-0.3076680031692617,0.36180094069811636,0.6449062170433398,-0.22686063889278008
2,-0.027277593949482495,0.1236182665455646,-0.08995271639317615,0.28067155411156064,0.03844334409596931,-0.1475734798092458,0.010618736450531236,0.5038669539896543,0.0,-0.4753219466332593,-0.47271278067491856,-0.23724361262131016,0.004930775542113489,-0.35319272444016314,-0.6527721536322509,0.2714286535028675
