cluster,nu_ano_censo,tp_cor_raca,tp_sexo,faixa_etaria,in_financiamento_estudantil,in_apoio_social,tp_escola_conclusao_ens_medio,tp_grau_academico,tp_modalidade_ensino,nu_carga_horaria,pib,inscritos_por_vaga,tp_categoria_administrativa,igc,duracao_ideal_anos,taxa_integralizacao
0,2014.7572859402064,1.708637698621884,1.5324196099103848,3.2028767226447776,5.180134046238422,0.08095489118156488,2.6615709014232998,1.644250320054221,1.0,3490.893440771142,2341521122.9109874,8.099766733541884,1.9717599216808495,3.2655268573808316,4.291324647940357,0.5821735446946306
1,2014.9658766105272,2.4429224748252056,1.496108350556264,2.996086363836243,6.694252671386483,0.2519678114418891,3.0062442284859943,1.0515148850094542,1.0,4248.690009234422,398279000.2108306,16.737030059969644,1.2189877314102282,3.5400494536570237,4.893892089178136,0.5125778527769228
2,2014.7886870934196,2.878189161084375,1.427801020531547,3.8621556915189474,6.559140044980774,0.11801407462939227,2.9841116297066574,1.7988440424657204,1.0,3074.8976808299676,249344222.7281807,7.198378255535626,1.393799424439554,3.14839479400819,3.9415129017436095,0.7311647698967377
