cluster,nu_ano_censo,tp_cor_raca,tp_sexo,faixa_etaria,in_financiamento_estudantil,in_apoio_social,tp_escola_conclusao_ens_medio,tp_grau_academico,tp_modalidade_ensino,nu_carga_horaria,pib,inscritos_por_vaga,tp_categoria_administrativa,igc,duracao_ideal_anos,taxa_integralizacao
0,2018.4973357722283,1.2784316844281851,1.422180690313345,3.545053284555432,0.43355336408461903,0.02103547001749642,1.2556465722920311,1.1923413392715125,1.0,3745.385994910132,2346843289.9447274,2.76047644469752,5.270836647049467,2.760901703806038,4.536126133290918,0.5088366629553046
1,2018.4816588434246,1.6153967727150602,1.4175082578667046,3.6287990137973543,0.555861109794067,0.02030882050795758,1.3905615349359126,1.1439318508684588,1.0,3906.3202471828426,367234638.16808116,2.0271870434759194,5.288163987798903,2.772265861605167,5.455154647321923,0.48350082341599104
