cluster,nu_ano_censo,tp_sexo,faixa_etaria,in_apoio_social,nu_carga_horaria,pib,inscritos_por_vaga,igc,duracao_ideal_anos,taxa_integralizacao
0,2018.4931915236484,1.4184997179921037,3.3842559020223995,0.1786318588349045,4142.591571992587,345472999.60704213,13.756633420813811,3.32412616474125,8.352791878172589,0.32701738780114414
1,2018.5042146085061,1.5005929297137912,3.3664626133777764,0.2222364667799109,3512.0887792057947,682768735.2505047,9.910279576757622,3.352240345111914,4.411957950065703,0.6473068491394506
