cluster,nu_ano_censo,tp_cor_raca,tp_sexo,faixa_etaria,in_financiamento_estudantil,in_apoio_social,tp_escola_conclusao_ens_medio,tp_grau_academico,tp_modalidade_ensino,nu_carga_horaria,pib,inscritos_por_vaga,tp_categoria_administrativa,igc,duracao_ideal_anos,taxa_integralizacao
0,2018.5062875888464,1.4059595407326408,1.497539639147075,3.1215144887916892,6.075177692728267,0.10798250410060142,1.4818206670311647,1.4170311645708038,1.0,4303.359075997813,1876072662.8225806,17.181036637414948,2.026380535811919,3.246452613574257,5.197170585019136,0.5303877938764352
1,2018.5000275512452,1.8553008595988538,1.473137535816619,3.421919770773639,8.0,0.23035596208948644,1.4814855631474542,1.4353096759973551,1.0,3568.189635221512,326906135.81287193,9.759966564381944,1.2500275512453163,3.363950118953362,5.601209499669385,0.5613543283006392
