instituicao,MSE,R2
Pública,0.03811377985856269,0.7794316156707582
Privada,0.04146864978655819,0.6665928905247389
