instituicao,MSE,R2
Pública,0.036094168674760556,0.7879975341074463
Privada,0.053255263757910315,0.5228040396887927
