instituicao,MSE,R2
Pública,0.03696978165090905,0.7860520515675412
Privada,0.04410395039291428,0.6454051267010807
