instituicao,MSE,R2
Pública,2.4809692421160476,0.19103343978085552
Privada,1.877180940430713,0.07665414676902738
