instituicao,MSE,R2
Pública,0.12859478471630761,0.40713681309558625
Privada,0.08925924000057597,0.1949634851790758
