instituicao,MSE,R2
Pública,0.04259185296623492,0.8062597955671031
Privada,0.026620830400154654,0.7758593673143295
