instituicao,MSE,R2
Pública,0.04071474756314298,0.7643795466704981
Privada,0.041340008131862054,0.6676271668388005
