instituicao,MSE,R2
Pública,0.12103227529163264,0.44200240619408215
Privada,0.06225843670948308,0.4384859774015786
