instituicao,MSE,R2
Pública,0.03986194489408829,0.7693148038809634
Privada,0.04261913952204654,0.6573429762120124
