instituicao,MSE,R2
Pública,0.5169679685660632,0.832940268298064
Privada,0.8422970993112663,0.5991517590173963
