instituicao,MSE,R2
Pública,0.03689923110959386,0.7864603348438048
Privada,0.0440230360045027,0.6460556767550159
