instituicao,MSE,R2
Pública,0.04715149854746928,0.7855190527834959
Privada,0.046500423515251,0.6084782409041816
