instituicao,MSE,R2
Pública,0.041116504330049534,0.7620545387258975
Privada,0.04244293335514866,0.6587596702466509
