instituicao,MSE,R2
Pública,0.04021359795109624,0.7672797512853794
Privada,0.041385886114804454,0.6672583087795169
