instituicao,MSE,R2
Pública,0.12162436944447821,0.4392726623154489
Privada,0.05462597048128278,0.5073238255817684
