instituicao,MSE,R2
Pública,0.04872562630331608,0.7431709970348752
Privada,0.05443243193640802,0.525326978168559
