cluster,nu_ano_censo,tp_sexo,faixa_etaria,in_apoio_social,nu_carga_horaria,pib,inscritos_por_vaga,igc,duracao_ideal_anos,taxa_integralizacao,in_financiamento_estudantil,tp_grau_academico,no_regiao_ies,tp_escola_conclusao_ens_medio,sigla_uf_curso,nm_categoria,tp_categoria_administrativa,tp_cor_raca,tp_modalidade_ensino
0,-0.015772178562613925,-0.11758327139390495,0.0074093188874983255,-0.0766121594314205,0.3681856551559381,-0.33859715886065606,0.1524654132454074,-0.03667112593695973,1.3609817178669,-0.5174450537536235,0.057608072115380854,0.26007132945994116,0.2409057788788262,0.04140993204967824,0.09895305634684008,0.16374988726246303,0.08502881497409016,0.014876189696518938,0.0
1,0.006273789562415593,0.046771769535263276,-0.0029472470982576694,0.03047445628997018,-0.14645531124452274,0.1346857260542804,-0.06064703835738441,0.01458688324103721,-0.5413654722748021,0.20582707484171067,0.022915091920899782,0.10345005832913463,0.09582646779478583,0.016471865218055708,0.03936112247429993,0.06513572804764041,0.03382239744378171,0.0059173869530943285,0.0
