cluster,faixa_etaria,nu_carga_horaria,pib,inscritos_por_vaga,igc,duracao_ideal_anos,taxa_integralizacao,tp_grau_academico,nu_ano_censo,nm_categoria,sigla_uf_curso,tp_cor_raca,tp_escola_conclusao_ens_medio,in_apoio_social,in_financiamento_estudantil,no_regiao_ies,tp_sexo,tp_categoria_administrativa,tp_modalidade_ensino
0,-0.031242226739347304,-0.10333648349247548,1.537717899010459,0.16434157736761182,-0.018193382916556564,-0.38230728817802817,0.06372618629501374,0.05476321932956748,0.022145535525759454,0.040070473655099664,0.20587718856362616,0.0775951691387737,0.12822095617496318,0.0031741270659324493,0.1450982708961436,0.48903084746216063,0.006980696606136729,0.059569840059723114,0.0
1,0.012475333762003177,0.041263291893876,-0.6140261442313046,-0.06562323632498651,0.0072647998504548296,0.15265912572295828,-0.025446503862946793,0.02186750146581916,0.008842933934481701,0.016000541095213965,0.08220882150116975,0.030984527492277755,0.05119991084218246,0.001267460699292497,0.05793919149300506,0.1952749108731779,0.002787462007090403,0.023786833220765236,0.0
