cluster,nu_ano_censo,tp_cor_raca,tp_sexo,faixa_etaria,in_financiamento_estudantil,in_apoio_social,tp_escola_conclusao_ens_medio,tp_grau_academico,tp_modalidade_ensino,nu_carga_horaria,pib,inscritos_por_vaga,tp_categoria_administrativa,igc,duracao_ideal_anos,taxa_integralizacao
0,0.09786576747222162,0.03437996036431638,0.06203343077123009,1.7014537212985423,0.016335492258035666,-0.05766747377636775,0.1383426064916831,0.08390296338955289,0.0,-0.15615176866683347,-0.2608544779025913,-0.14651212018784318,-0.09700943125003728,-0.3549433840667398,-0.30867011065266403,0.9219924357135708
1,0.1270687495060519,-0.15291614351007526,-0.11588556230159151,-0.2487042844940229,-0.24336106730599708,0.07846024250568225,0.6344128471364255,-0.3180230730549674,0.0,3.7989472372543123,-0.11241132023472045,2.4313122734651755,0.08905241699282578,0.43464790989894153,0.744057327949948,-0.3159547821293825
2,0.009562490853408427,-0.19610201447439493,0.006191071766754464,-0.2291486870900904,-0.16643753983057225,0.0034429807580709767,-0.1724397165297792,0.07048133922558017,0.0,-0.20706740155605458,1.545000105012502,0.07469893158348406,-0.008727124249766124,0.009714745800173454,-0.40037357612949903,-0.02664087712573522
3,-0.056822481824525164,-0.022919929911456027,-0.031109101119988332,-0.09629882396440895,0.0677540375291779,0.12345980406301177,-0.05136698098099834,0.04477303865785798,0.0,-0.14416165219252788,-0.6812806421104894,-0.11968493609870469,0.2632820723269388,-0.004445218265921871,2.252512716688721,-0.6334888227917915
4,-0.031712892505881884,0.11926422530693435,-0.005479263443604983,-0.36372533290847725,0.0913069854522561,-0.02295843440914724,0.0162306647864446,-0.05276910217005095,0.0,-0.10368633748852234,-0.6057395388563477,-0.1622012629427919,-0.0416798755764408,0.07290798678796469,-0.3352380761886706,-0.08288291640673047
