cluster,faixa_etaria,nu_carga_horaria,pib,inscritos_por_vaga,igc,duracao_ideal_anos,taxa_integralizacao,tp_grau_academico,nu_ano_censo,nm_categoria,sigla_uf_curso,tp_cor_raca,tp_escola_conclusao_ens_medio,in_apoio_social,in_financiamento_estudantil,no_regiao_ies,tp_sexo,tp_categoria_administrativa,tp_modalidade_ensino
0,0.018375941824380043,-0.006845983549259239,-0.3625633803057581,-0.010782501044178333,0.0017859703488162207,0.06279541893576625,-0.0041822319570810566,0.027315032029509363,0.0027600828338692263,0.014793622660362375,0.03884408770288633,0.03297350239228896,0.018317486219672358,0.036588134536154074,0.054215820440707774,0.09132144084665694,0.011608577939839212,0.11015756295992753,0.0
1,-0.12527194755451634,0.04667024418873935,2.471656756258989,0.0735061592065308,-0.012175266226298602,-0.4280871425674839,0.02851099265525423,0.1862112588597113,0.018815958132380163,0.10085066331628649,0.2648068090345717,0.2247860219548174,0.12487344566997638,0.24942758931950998,0.3695985479156548,0.6225539271770756,0.07913766710627412,0.7509630026984987,0.0
