cluster,nu_ano_censo,tp_cor_raca,tp_sexo,faixa_etaria,in_financiamento_estudantil,in_apoio_social,tp_escola_conclusao_ens_medio,tp_grau_academico,tp_modalidade_ensino,nu_carga_horaria,pib,inscritos_por_vaga,tp_categoria_administrativa,igc,duracao_ideal_anos,taxa_integralizacao
0,-0.002760082833927846,0.04032974076611039,-0.011608577939839323,0.018375941824380043,0.07228961938111936,0.036588134536154004,-0.0004884276567060898,-0.01839140151985779,0.0,-0.006845983549259239,-0.3625633803057581,-0.010782501044178333,-0.14434550358664866,0.0017859703488162207,0.06279541893576625,-0.0041822319570810566
1,0.018815958132276916,-0.2749347608097293,0.07913766710627401,-0.12527194755451634,-0.4928107356017381,-0.24942758931950998,0.0033296951187482596,0.12537733895048464,0.0,0.04667024418873935,2.471656756258989,0.0735061592065308,0.9840280584174604,-0.012175266226298602,-0.4280871425674839,0.02851099265525423
